CREATE DATABASE test;
USE test;

-- Tabel sellers
CREATE TABLE sellers (
    seller_id INT NOT NULL PRIMARY KEY,
    name VARCHAR(255) NOT NULL,
    email VARCHAR(255) NOT NULL,
    address VARCHAR(255) NOT NULL,
    phone VARCHAR(255) NOT NULL
);

-- Tabel customers
CREATE TABLE customers (
    customer_id INT NOT NULL PRIMARY KEY,
    name VARCHAR(255) NOT NULL,
    email VARCHAR(255) NOT NULL,
    address VARCHAR(255) NOT NULL,
    phone VARCHAR(255) NOT NULL
);

-- Tabel categories
CREATE TABLE categories (
    category_id INT NOT NULL PRIMARY KEY,
    name VARCHAR(255) NOT NULL,
    description VARCHAR(255) NOT NULL
);

-- Tabel orders
CREATE TABLE orders (
    order_id INT NOT NULL PRIMARY KEY,
    customer_id INT NOT NULL,
    order_date DATETIME NOT NULL,
    FOREIGN KEY (customer_id) REFERENCES customers(customer_id)
    ON DELETE CASCADE 
    ON UPDATE CASCADE
);

-- Tabel payments
CREATE TABLE payments (
    payment_id INT NOT NULL PRIMARY KEY,
    order_id INT NOT NULL,
    payment_date DATETIME NOT NULL,
    amount DECIMAL(8, 2) NOT NULL,
    status VARCHAR(255) NOT NULL,
    payment_method VARCHAR(255) NOT NULL,
    FOREIGN KEY (order_id) REFERENCES orders(order_id)
    ON DELETE CASCADE 
    ON UPDATE CASCADE
);


-- Tabel products
CREATE TABLE products (
    product_id INT NOT NULL PRIMARY KEY,
    seller_id INT NOT NULL,
    category_id INT NOT NULL,
    name VARCHAR(255) NOT NULL,
    description VARCHAR(255) NOT NULL,
    FOREIGN KEY (seller_id) REFERENCES sellers(seller_id)
    ON DELETE CASCADE 
    ON UPDATE CASCADE,
    FOREIGN KEY (category_id) REFERENCES categories(category_id) 
    ON DELETE CASCADE 
    ON UPDATE CASCADE
);

-- Tabel order_details
CREATE TABLE order_details (
    order_detail_id INT NOT NULL PRIMARY KEY,
    order_id INT NOT NULL,
    product_id INT NOT NULL,
    quantity INT NOT NULL,
    unit_price DECIMAL(8, 2) NOT NULL,
    FOREIGN KEY (order_id) REFERENCES orders(order_id)
    ON DELETE CASCADE 
    ON UPDATE CASCADE,
    FOREIGN KEY (product_id) REFERENCES products(product_id)
    ON DELETE CASCADE
    ON UPDATE CASCADE
);

INSERT INTO customers (customer_id, name, email, address, phone) VALUES
(1, 'Naruto Uzumaki', 'naruto@example.com', 'Hidden Leaf Village', '123-456-7890'),
(2, 'Sasuke Uchiha', 'sasuke@example.com', 'Hidden Leaf Village', '123-456-7891'),
(3, 'Sakura Haruno', 'sakura@example.com', 'Hidden Leaf Village', '123-456-7892'),
(4, 'Monkey D. Luffy', 'luffy@example.com', 'East Blue', '123-456-7893'),
(5, 'Roronoa Zoro', 'zoro@example.com', 'East Blue', '123-456-7894'),
(6, 'Nami', 'nami@example.com', 'East Blue', '123-456-7895'),
(7, 'Ichigo Kurosaki', 'ichigo@example.com', 'Karakura Town', '123-456-7896'),
(8, 'Rukia Kuchiki', 'rukia@example.com', 'Soul Society', '123-456-7897'),
(9, 'Goku', 'goku@example.com', 'Planet Vegeta', '123-456-7898'),
(10, 'Vegeta', 'vegeta@example.com', 'Planet Vegeta', '123-456-7899'),
(11, 'Light Yagami', 'light@example.com', 'Tokyo', '123-456-7800'),
(12, 'Edward Elric', 'edward@example.com', 'Resembool', '123-456-7801'),
(13, 'Alphonse Elric', 'alphonse@example.com', 'Resembool', '123-456-7802'),
(14, 'Eren Yeager', 'eren@example.com', 'Shiganshina District', '123-456-7803'),
(15, 'Mikasa Ackerman', 'mikasa@example.com', 'Shiganshina District', '123-456-7804'),
(16, 'Levi Ackerman', 'levi@example.com', 'Wall Rose', '123-456-7805'),
(17, 'Shinra Kusakabe', 'shinra@example.com', 'Tokyo Empire', '123-456-7806'),
(18, 'Inuyasha', 'inuyasha@example.com', 'Feudal Japan', '123-456-7807'),
(19, 'Kagome Higurashi', 'kagome@example.com', 'Modern Japan', '123-456-7808'),
(20, 'Tanjiro Kamado', 'tanjiro@example.com', 'Taisho Era', '123-456-7809'),
(21, 'Nezuko Kamado', 'nezuko@example.com', 'Taisho Era', '123-456-7810'),
(22, 'Gintoki Sakata', 'gintoki@example.com', 'Edo', '123-456-7811'),
(23, 'Natsu Dragneel', 'natsu@example.com', 'Fiore', '123-456-7812'),
(24, 'Lucy Heartfilia', 'lucy@example.com', 'Fiore', '123-456-7813'),
(25, 'Saitama', 'saitama@example.com', 'Z City', '123-456-7814'),
(26, 'Genos', 'genos@example.com', 'Z City', '123-456-7815'),
(27, 'Yusuke Urameshi', 'yusuke@example.com', 'Spirit World', '123-456-7816'),
(28, 'Gon Freecss', 'gon@example.com', 'Whale Island', '123-456-7817'),
(29, 'Killua Zoldyck', 'killua@example.com', 'Whale Island', '123-456-7818'),
(30, 'Astro Boy', 'astro@example.com', 'Metro City', '123-456-7819');
INSERT INTO sellers (seller_id, name, email, address, phone) VALUES
(1, 'Asuna Ichinose', 'asuna@example.com', 'Trinity General School', '123-456-7900'),
(2, 'Hoshino Tsubaki', 'hoshino@example.com', 'Gehenna Academy', '123-456-7901'),
(3, 'Shiroko Sunaokami', 'shiroko@example.com', 'Abydos High School', '123-456-7902'),
(4, 'Azusa Shirasu', 'azusa@example.com', 'Trinity General School', '123-456-7903'),
(5, 'Hibiki', 'hibiki@example.com', 'Millennium Science School', '123-456-7904'),
(6, 'Kotama', 'kotama@example.com', 'Abydos High School', '123-456-7905'),
(7, 'Kanna', 'kanna@example.com', 'Hyakkiyako Alliance Academy', '123-456-7906'),
(8, 'Akane', 'akane@example.com', 'Gehenna Academy', '123-456-7907'),
(9, 'Chen', 'chen@example.com', 'Lungmen City', '123-456-7908'),
(10, 'Amiya', 'amiya@example.com', 'Rhodes Island', '123-456-7909'),
(11, 'SilverAsh', 'silverash@example.com', 'Kjerag', '123-456-7910'),
(12, 'Exusiai', 'exusiai@example.com', 'Laterano', '123-456-7911'),
(13, 'Texas', 'texas@example.com', 'Sargon', '123-456-7912'),
(14, 'Skadi', 'skadi@example.com', 'Ægir', '123-456-7913'),
(15, 'Siege', 'siege@example.com', 'Victoria', '123-456-7914'),
(16, 'Eyjafjalla', 'eyjafjalla@example.com', 'Reykjavik', '123-456-7915'),
(17, 'W', 'w@example.com', 'Ursus Empire', '123-456-7916'),
(18, 'Blaze', 'blaze@example.com', 'Rhodes Island', '123-456-7917'),
(19, 'Hoshiguma', 'hoshiguma@example.com', 'Lungmen City', '123-456-7918'),
(20, 'Saria', 'saria@example.com', 'Rhodes Island', '123-456-7919'),
(21, 'Nian', 'nian@example.com', 'Yan Kingdom', '123-456-7920'),
(22, 'Bagpipe', 'bagpipe@example.com', 'Victoria', '123-456-7921'),
(23, 'Mostima', 'mostima@example.com', 'Laterano', '123-456-7922'),
(24, 'Myrtle', 'myrtle@example.com', 'Rhodes Island', '123-456-7923'),
(25, 'Thorns', 'thorns@example.com', 'Iberia', '123-456-7924'),
(26, 'Aak', 'aak@example.com', 'Lungmen City', '123-456-7925'),
(27, 'Mudrock', 'mudrock@example.com', 'Kazimierz', '123-456-7926'),
(28, 'Surtr', 'surtr@example.com', 'Surtland', '123-456-7927'),
(29, 'Ifrit', 'ifrit@example.com', 'Rhodes Island', '123-456-7928'),
(30, 'Ceobe', 'ceobe@example.com', 'Sargon', '123-456-7929');
INSERT INTO categories (category_id, name, description) VALUES
(1, 'Pistol', 'Berbagai jenis pistol untuk pertahanan diri dan pertempuran.'),
(2, 'Rifle', 'Senjata rifle dengan presisi tinggi untuk serangan jarak jauh.'),
(3, 'Sniper Rifle', 'Senjata sniper untuk eliminasi target dari jarak jauh.'),
(4, 'Shotgun', 'Senjata shotgun dengan daya tembak kuat untuk jarak dekat.'),
(5, 'SMG', 'Submachine gun yang ringan dan cepat dalam pertempuran jarak dekat.'),
(6, 'LMG', 'Light machine gun dengan kapasitas peluru tinggi untuk pertarungan jangka panjang.'),
(7, 'Grenade', 'Granat dengan berbagai jenis ledakan untuk penggunaan taktis.'),
(8, 'Melee Weapon', 'Berbagai senjata jarak dekat seperti pisau, pedang, dan lainnya.'),
(9, 'Ammunition', 'Peluru dan amunisi untuk berbagai jenis senjata.'),
(10, 'Body Armor', 'Pelindung tubuh untuk keamanan ekstra di medan perang.'),
(11, 'Medical Kit', 'Peralatan medis untuk penyembuhan di medan pertempuran.'),
(12, 'Food Supplies', 'Persediaan makanan untuk keperluan sehari-hari atau perjalanan.'),
(13, 'Water Supplies', 'Persediaan air untuk kebutuhan dasar atau perjalanan jauh.'),
(14, 'Survival Gear', 'Perlengkapan survival seperti tenda, kompas, dan korek api.'),
(15, 'Explosives', 'Berbagai jenis bahan peledak untuk misi khusus.'),
(16, 'Tool Kit', 'Alat-alat teknis untuk perbaikan dan pemeliharaan.'),
(17, 'Electronics', 'Perangkat elektronik seperti radio dan komunikasi.'),
(18, 'Drones', 'Drone untuk pengintaian dan pengawasan area.'),
(19, 'Camouflage', 'Alat dan pakaian kamuflase untuk operasi tersembunyi.'),
(20, 'Batteries', 'Baterai dan sumber daya untuk peralatan elektronik.'),
(21, 'Climbing Gear', 'Perlengkapan pendakian untuk medan sulit.'),
(22, 'Maps', 'Peta untuk navigasi di medan yang tidak dikenal.'),
(23, 'Repair Kits', 'Kit untuk perbaikan cepat berbagai peralatan.'),
(24, 'Communication Devices', 'Perangkat komunikasi untuk koordinasi tim.'),
(25, 'Night Vision Goggles', 'Kacamata penglihatan malam untuk operasi malam hari.'),
(26, 'Thermal Scopes', 'Scope termal untuk mendeteksi panas tubuh musuh.'),
(27, 'Decoys', 'Alat untuk mengalihkan perhatian musuh.'),
(28, 'First Aid', 'Peralatan P3K standar untuk cedera ringan.'),
(29, 'Training Manuals', 'Manual pelatihan untuk meningkatkan keterampilan tempur.'),
(30, 'Armor Plates', 'Pelat tambahan untuk meningkatkan perlindungan baju besi.');
INSERT INTO products (product_id, seller_id, category_id, name, description) VALUES
(1, 5, 1, 'Desert Eagle', 'Pistol semi-otomatis dengan daya henti tinggi.'),
(2, 12, 2, 'AK-47', 'Rifle serbu yang handal dan populer di seluruh dunia.'),
(3, 8, 3, 'Barrett M82', 'Sniper rifle untuk eliminasi target dari jarak jauh dengan presisi.'),
(4, 14, 4, 'Remington 870', 'Shotgun pompa yang cocok untuk pertahanan jarak dekat.'),
(5, 22, 5, 'MP5', 'Submachine gun yang ringan dan cepat dengan akurasi tinggi.'),
(6, 19, 6, 'M249', 'Light machine gun dengan kapasitas peluru besar untuk pertempuran jangka panjang.'),
(7, 7, 7, 'Frag Grenade', 'Granat fragmentasi untuk ledakan radius luas.'),
(8, 21, 8, 'Tactical Knife', 'Pisau taktis untuk pertarungan jarak dekat dan survival.'),
(9, 30, 9, '9mm Ammunition', 'Amunisi 9mm yang digunakan untuk pistol dan SMG.'),
(10, 1, 10, 'Kevlar Vest', 'Rompi pelindung yang mampu menahan peluru kaliber rendah.'),
(11, 3, 11, 'Medkit', 'Perlengkapan medis dasar untuk penyembuhan cepat.'),
(12, 16, 12, 'Canned Food', 'Makanan kaleng untuk kebutuhan nutrisi dalam perjalanan.'),
(13, 4, 13, 'Water Bottle', 'Botol air yang dapat diisi ulang untuk hidrasi.'),
(14, 6, 14, 'Tent', 'Tenda ringan untuk perlindungan di luar ruangan.'),
(15, 11, 15, 'C4 Explosive', 'Bahan peledak plastik untuk misi khusus.'),
(16, 2, 16, 'Toolbox', 'Kotak alat lengkap untuk perbaikan cepat.'),
(17, 9, 17, 'Walkie Talkie', 'Alat komunikasi jarak pendek untuk tim.'),
(18, 20, 18, 'Recon Drone', 'Drone pengintaian untuk memantau area dari ketinggian.'),
(19, 15, 19, 'Ghillie Suit', 'Pakaian kamuflase untuk penyamaran di medan hutan.'),
(20, 27, 20, 'AA Batteries', 'Baterai AA untuk peralatan elektronik kecil.'),
(21, 13, 21, 'Climbing Rope', 'Tali pendakian yang kuat dan tahan lama.'),
(22, 10, 22, 'Military Map', 'Peta militer dengan detail area strategis.'),
(23, 25, 23, 'Repair Kit', 'Kit perbaikan untuk alat dan senjata.'),
(24, 18, 24, 'Satellite Phone', 'Perangkat komunikasi satelit untuk area tanpa sinyal.'),
(25, 28, 25, 'Night Vision Goggles', 'Kacamata yang memungkinkan penglihatan dalam gelap.'),
(26, 5, 26, 'Thermal Scope', 'Scope yang mendeteksi panas untuk mengidentifikasi target.'),
(27, 6, 27, 'Holographic Decoy', 'Alat untuk mengalihkan perhatian musuh.'),
(28, 17, 28, 'Basic First Aid Kit', 'Kit P3K dasar untuk perawatan cedera ringan.'),
(29, 23, 29, 'Combat Training Manual', 'Manual untuk meningkatkan keterampilan pertempuran.'),
(30, 14, 30, 'Steel Armor Plate', 'Pelat baja untuk perlindungan ekstra pada baju zirah.'),
(31, 24, 1, 'Glock 17', 'Pistol ringan dengan kapasitas peluru besar.'),
(32, 29, 2, 'M4A1', 'Rifle serbu dengan akurasi tinggi untuk pertarungan jarak menengah.'),
(33, 26, 3, 'CheyTac M200', 'Sniper rifle berkaliber besar untuk target jarak jauh.'),
(34, 10, 4, 'SPAS-12', 'Shotgun semi-otomatis untuk pertempuran jarak dekat.'),
(35, 12, 5, 'UMP45', 'Submachine gun ringan dengan daya tembak tinggi.'),
(36, 4, 6, 'PKM', 'Light machine gun dengan daya henti tinggi dan akurasi bagus.'),
(37, 19, 7, 'Smoke Grenade', 'Granat asap untuk menyembunyikan pergerakan.'),
(38, 30, 8, 'Machete', 'Senjata tajam untuk bertahan hidup di alam liar.'),
(39, 22, 9, '5.56mm Ammunition', 'Peluru 5.56mm untuk rifle serbu.'),
(40, 7, 10, 'Ballistic Helmet', 'Helm pelindung untuk perlindungan kepala.'),
(41, 1, 11, 'Bandage', 'Perban untuk menutup luka ringan.'),
(42, 27, 12, 'Energy Bar', 'Makanan ringan tinggi kalori untuk tambahan energi.'),
(43, 5, 13, 'Water Purifier', 'Alat untuk memurnikan air agar aman diminum.'),
(44, 2, 14, 'Sleeping Bag', 'Kantong tidur untuk kenyamanan di luar ruangan.'),
(45, 15, 15, 'Claymore', 'Bahan peledak yang aktif saat disentuh.'),
(46, 9, 16, 'Wrench Set', 'Set kunci pas untuk perbaikan alat berat.'),
(47, 25, 17, 'Signal Flare', 'Suar untuk mengirim sinyal darurat.'),
(48, 3, 18, 'Quadcopter', 'Drone kecil untuk survei medan di sekitar.'),
(49, 28, 19, 'Camo Netting', 'Jaring kamuflase untuk menyembunyikan peralatan.'),
(50, 13, 20, 'Rechargeable Battery Pack', 'Baterai isi ulang untuk perangkat elektronik besar.');
INSERT INTO orders (order_id, customer_id, order_date) VALUES
(1, 15, '2024-09-12'),
(2, 3, '2024-08-25'),
(3, 20, '2024-10-03'),
(4, 5, '2024-10-15'),
(5, 13, '2024-11-01'),
(6, 17, '2024-08-30'),
(7, 9, '2024-09-22'),
(8, 6, '2024-10-05'),
(9, 30, '2024-09-18'),
(10, 4, '2024-08-10'),
(11, 11, '2024-11-02'),
(12, 24, '2024-08-17'),
(13, 16, '2024-09-14'),
(14, 1, '2024-10-08'),
(15, 26, '2024-09-07'),
(16, 18, '2024-08-20'),
(17, 8, '2024-10-25'),
(18, 21, '2024-09-28'),
(19, 2, '2024-10-01'),
(20, 12, '2024-08-22'),
(21, 28, '2024-10-12'),
(22, 23, '2024-09-03'),
(23, 10, '2024-11-01'),
(24, 7, '2024-08-15'),
(25, 25, '2024-09-05'),
(26, 14, '2024-10-17'),
(27, 22, '2024-09-10'),
(28, 19, '2024-08-26'),
(29, 3, '2024-10-20'),
(30, 27, '2024-09-29'),
(31, 6, '2024-08-08'),
(32, 15, '2024-10-22'),
(33, 5, '2024-11-02'),
(34, 9, '2024-08-14'),
(35, 11, '2024-09-19'),
(36, 30, '2024-10-09'),
(37, 18, '2024-08-11'),
(38, 24, '2024-09-12'),
(39, 16, '2024-10-13'),
(40, 20, '2024-10-26'),
(41, 13, '2024-09-02'),
(42, 1, '2024-10-03'),
(43, 23, '2024-11-01'),
(44, 7, '2024-09-06'),
(45, 28, '2024-08-24'),
(46, 2, '2024-10-19'),
(47, 10, '2024-09-30'),
(48, 4, '2024-10-06'),
(49, 19, '2024-09-15'),
(50, 26, '2024-10-21'),
(51, 17, '2024-08-28'),
(52, 12, '2024-09-23'),
(53, 27, '2024-11-01'),
(54, 8, '2024-09-13'),
(55, 22, '2024-10-04'),
(56, 14, '2024-08-12'),
(57, 21, '2024-10-07'),
(58, 9, '2024-09-17'),
(59, 30, '2024-10-14'),
(60, 25, '2024-10-18');
INSERT INTO order_details (order_detail_id, order_id, product_id, quantity, unit_price) VALUES
(1, 1, 12, 5, 150.50),
(2, 2, 23, 3, 99.99),
(3, 3, 34, 1, 249.99),
(4, 4, 45, 7, 20.75),
(5, 5, 9, 2, 125.00),
(6, 6, 17, 10, 15.49),
(7, 7, 30, 6, 60.00),
(8, 8, 27, 4, 85.25),
(9, 9, 8, 12, 10.10),
(10, 10, 40, 5, 200.00),
(11, 11, 50, 3, 175.45),
(12, 12, 14, 1, 59.99),
(13, 13, 33, 9, 33.33),
(14, 14, 36, 8, 22.45),
(15, 15, 5, 2, 155.00),
(16, 16, 2, 11, 12.00),
(17, 17, 49, 3, 195.55),
(18, 18, 20, 7, 35.00),
(19, 19, 22, 4, 99.00),
(20, 20, 28, 2, 140.75),
(21, 21, 6, 1, 55.95),
(22, 22, 43, 6, 42.50),
(23, 23, 7, 8, 17.99),
(24, 24, 10, 5, 82.30),
(25, 25, 13, 2, 109.99),
(26, 26, 19, 12, 18.25),
(27, 27, 3, 4, 24.99),
(28, 28, 41, 1, 250.00),
(29, 29, 44, 10, 13.49),
(30, 30, 25, 3, 199.99),
(31, 31, 35, 5, 45.99),
(32, 32, 24, 9, 29.99),
(33, 33, 21, 7, 60.25),
(34, 34, 38, 6, 75.50),
(35, 35, 48, 2, 175.00),
(36, 36, 46, 10, 9.99),
(37, 37, 15, 3, 88.00),
(38, 38, 11, 1, 225.75),
(39, 39, 4, 12, 14.45),
(40, 40, 16, 4, 110.00),
(41, 41, 18, 6, 39.99),
(42, 42, 29, 5, 125.55),
(43, 43, 32, 3, 55.75),
(44, 44, 39, 9, 20.49),
(45, 45, 31, 2, 140.00),
(46, 46, 1, 8, 30.75),
(47, 47, 47, 1, 145.99),
(48, 48, 26, 4, 99.49),
(49, 49, 37, 7, 69.00),
(50, 50, 6, 5, 125.00),
(51, 51, 42, 3, 55.99),
(52, 52, 13, 12, 15.75),
(53, 53, 32, 6, 90.25),
(54, 54, 15, 2, 130.50),
(55, 55, 23, 10, 19.99),
(56, 56, 30, 5, 49.49),
(57, 57, 10, 4, 89.95),
(58, 58, 14, 8, 32.00),
(59, 59, 21, 3, 110.10),
(60, 60, 9, 7, 18.75);
INSERT INTO payments (payment_id, order_id, payment_date, amount, status, payment_method) VALUES
(1, 1, '2024-09-13', 750.00, 'Completed', 'PayPal'),
(2, 2, '2024-08-26', 299.97, 'Completed', 'Credit Card'),
(3, 3, '2024-10-04', 249.99, 'Pending', 'Bank Transfer'),
(4, 4, '2024-10-16', 145.25, 'Completed', 'Cash'),
(5, 5, '2024-11-01', 250.00, 'Completed', 'PayPal'),
(6, 6, '2024-09-01', 154.90, 'Failed', 'Credit Card'),
(7, 7, '2024-10-02', 360.00, 'Completed', 'Bank Transfer'),
(8, 8, '2024-10-27', 341.00, 'Pending', 'Cash'),
(9, 9, '2024-09-19', 121.20, 'Completed', 'Credit Card'),
(10, 10, '2024-08-12', 1000.00, 'Completed', 'PayPal'),
(11, 11, '2024-11-02', 526.35, 'Completed', 'Bank Transfer'),
(12, 12, '2024-10-07', 59.99, 'Failed', 'Credit Card'),
(13, 13, '2024-09-17', 299.97, 'Pending', 'Cash'),
(14, 14, '2024-09-15', 179.60, 'Completed', 'Credit Card'),
(15, 15, '2024-10-10', 310.00, 'Completed', 'PayPal'),
(16, 16, '2024-09-09', 132.00, 'Completed', 'Cash'),
(17, 17, '2024-08-30', 586.65, 'Completed', 'Credit Card'),
(18, 18, '2024-09-29', 245.00, 'Failed', 'Bank Transfer'),
(19, 19, '2024-10-01', 396.00, 'Completed', 'PayPal'),
(20, 20, '2024-08-23', 281.50, 'Pending', 'Credit Card'),
(21, 21, '2024-08-11', 55.95, 'Completed', 'Cash'),
(22, 22, '2024-09-04', 255.00, 'Completed', 'Bank Transfer'),
(23, 23, '2024-09-07', 143.92, 'Completed', 'Credit Card'),
(24, 24, '2024-10-12', 411.50, 'Pending', 'Cash'),
(25, 25, '2024-09-06', 219.98, 'Failed', 'PayPal'),
(26, 26, '2024-09-29', 219.00, 'Completed', 'Bank Transfer'),
(27, 27, '2024-08-27', 99.96, 'Completed', 'Credit Card'),
(28, 28, '2024-10-02', 250.00, 'Pending', 'Cash'),
(29, 29, '2024-09-28', 134.90, 'Completed', 'Credit Card'),
(30, 30, '2024-10-22', 599.97, 'Failed', 'PayPal'),
(31, 31, '2024-09-18', 229.95, 'Completed', 'Bank Transfer'),
(32, 32, '2024-08-25', 269.91, 'Completed', 'Credit Card'),
(33, 33, '2024-09-13', 421.75, 'Pending', 'Cash'),
(34, 34, '2024-09-23', 453.00, 'Completed', 'Credit Card'),
(35, 35, '2024-10-14', 875.00, 'Completed', 'PayPal'),
(36, 36, '2024-10-18', 99.90, 'Pending', 'Cash'),
(37, 37, '2024-08-21', 264.00, 'Completed', 'Bank Transfer'),
(38, 38, '2024-08-12', 225.75, 'Completed', 'Credit Card'),
(39, 39, '2024-09-22', 173.40, 'Pending', 'Cash'),
(40, 40, '2024-10-14', 440.00, 'Completed', 'Bank Transfer'),
(41, 41, '2024-09-21', 239.94, 'Failed', 'Credit Card'),
(42, 42, '2024-10-03', 376.65, 'Completed', 'PayPal'),
(43, 43, '2024-10-08', 167.25, 'Pending', 'Cash'),
(44, 44, '2024-09-06', 184.41, 'Completed', 'Credit Card'),
(45, 45, '2024-08-18', 280.00, 'Completed', 'Bank Transfer'),
(46, 46, '2024-10-19', 246.00, 'Pending', 'Cash'),
(47, 47, '2024-08-30', 145.99, 'Completed', 'PayPal'),
(48, 48, '2024-09-08', 397.96, 'Completed', 'Bank Transfer'),
(49, 49, '2024-08-14', 483.00, 'Completed', 'Credit Card'),
(50, 50, '2024-09-12', 625.00, 'Pending', 'Cash'),
(51, 51, '2024-10-20', 167.97, 'Completed', 'Credit Card'),
(52, 52, '2024-10-17', 189.00, 'Failed', 'Bank Transfer'),
(53, 53, '2024-11-01', 541.50, 'Pending', 'PayPal'),
(54, 54, '2024-10-11', 261.00, 'Completed', 'Credit Card'),
(55, 55, '2024-09-02', 199.90, 'Completed', 'Bank Transfer'),
(56, 56, '2024-09-25', 247.45, 'Failed', 'PayPal'),
(57, 57, '2024-08-28', 359.80, 'Completed', 'Credit Card'),
(58, 58, '2024-10-05', 256.00, 'Pending', 'Cash'),
(59, 59, '2024-10-06', 330.30, 'Completed', 'Bank Transfer'),
(60, 60, '2024-09-03', 131.25, 'Completed', 'Credit Card');
